<?xml version="1.0" encoding="UTF-8"?>
<faces-config>
  <managed-bean>
    <managed-bean-name>TermIndex</managed-bean-name>
    <managed-bean-class>org.openntf.domino.big.impl.IndexDatabase</managed-bean-class>
    <managed-bean-scope>application</managed-bean-scope>
    <!--  <managed-property>
      <property-name>database</property-name>
      <value>#{database}</value>
    </managed-property>  -->
  </managed-bean>
  <!--AUTOGEN-START-BUILDER: Automatically generated by IBM Domino Designer. Do not modify.-->
  <!--AUTOGEN-END-BUILDER: End of automatically generated section-->
</faces-config>
